C0011,esistere,eˈzistere,ある／存在する,自動詞,人・物・状態・仕組みなどが存在すること。単なる所在ではなく、「存在している」という事実に焦点を置く。,Non essere legati alla terra non significa esistere senza legami.,土地に縛られていないことは、つながりなしに存在することを意味しない。,esist-,-ere（第二変化動詞の不定詞語尾）,e｜ZI｜ste｜re,esist-「存在する」+ -ere → esistere「存在する」,Non essere legati alla terra＝土地に縛られていないことは｜non significa＝意味しない｜esistere senza legami＝つながりなしに存在することを,不定詞句Non essere...が文の主語です。significareの後ろに不定詞esistereが続き、「〜することを意味する」となります。senzaは「〜なしに」です。,英語exist、フランス語exister、スペイン語existirと同系。日本語の「ある」よりも存在の事実を明示する。,語頭のsは母音に挟まれて有声化し/z/に近い。強勢はZI。各母音を落とさず発音する。,E0001_it.md,memoriopolis::it::core20,memoriopolis_c0011_exist.webp
C0012,fare,ˈfare,する／作る,他動詞・不規則動詞,行為を行う、または何かを作る広い基本動詞。文脈によって「する」「作る」「行う」などになる。,Che cosa potevo fare con una parola di cui non conoscevo il significato?,意味を知らない言葉を使って、私は何ができたのでしょうか。,fa- / fac-,-re（不定詞語尾）,FA｜re,ラテン語facereに由来。活用ではfa-とfac-など複数の語幹が現れる。,Che cosa＝何を｜potevo fare＝私はすることができた｜con una parola＝ある言葉を使って｜di cui non conoscevo il significato＝その意味を知らなかった,potevoはpotereの半過去で、過去の状況における可能性を表します。di cuiは「その〜を」の関係表現で、ここではuna parolaを受けます。,フランス語faire、スペイン語hacer、ポルトガル語fazerと同源。英語doとmakeの両方にまたがる。,強勢はFA。rは軽く弾き、語末eまで発音する。短い語なので音全体を一まとまりで覚える。,E0001_it.md,memoriopolis::it::core20,memoriopolis_c0012_do.webp
C0013,avere,aˈvere,持つ,他動詞・不規則動詞,物、性質、関係、必要などを持つこと。また複合時制を作る助動詞としても使われる。,Anche chi vive in un luogo stabile può avere una vita molto mobile.,安定した場所に暮らす人も、非常に移動的な生活を送ることがあります。,av- / abb-,-ere（不定詞語尾）,a｜VE｜re,av-「持つ」+ -ere。活用ではho、hai、ha、abbiamoなど不規則形を取る。,Anche chi＝〜する人もまた｜vive in un luogo stabile＝安定した場所に暮らす｜può avere＝持つことができる／あり得る｜una vita molto mobile＝非常に移動的な生活を,chiは「〜する人」。può avereは直訳すると「持つことができる」ですが、ここでは可能性を表し、自然な日本語では「〜ことがある」となります。,フランス語avoir、スペイン語haberと同系。所有だけでなく、状態や経験を表す広い基本動詞。,強勢はVE。vを摩擦させ、a・e・eの母音を明瞭に保つ。,E0001_it.md,memoriopolis::it::core20,memoriopolis_c0013_have.webp
C0014,inviare,inviˈare,送る,他動詞,情報、文書、物、人などを目的地や相手へ送ること。デジタル通信にも物理的な発送にも使える。,Una piattaforma può inviare una notifica a migliaia di persone.,プラットフォームは何千人もの人に通知を送ることができます。,invi-,-are（第一変化動詞の不定詞語尾）,in｜vi｜A｜re,invi-「送る」+ -are → inviare「送る」,Una piattaforma＝あるプラットフォームは｜può inviare＝送ることができる｜una notifica＝通知を｜a migliaia di persone＝何千人もの人に,aは送り先を示します。migliaiaは「何千もの」。potere＋不定詞で可能性・能力を表します。,英語viaと同じラテン語via「道」に関係する語。spedireよりも情報や通知を送る場面に自然。,強勢はA。viaを一音節に潰さず、vi-Aと母音の連なりを保つ。,E0001_it.md,memoriopolis::it::core20,memoriopolis_c0014_send.webp
C0015,ricevere,riˈtʃevere,受け取る,他動詞,物、情報、反応、注意などを外部から受け取ること。本文では他者から注意を受け続ける構造にもつながる。,"Per vivere, un influencer deve continuare a ricevere attenzione.",生きていくために、インフルエンサーは注意を受け取り続けなければなりません。,ricev-,-ere（第二変化動詞の不定詞語尾）,ri｜CE｜ve｜re,ricev-「受け取る」+ -ere → ricevere「受け取る」,Per vivere＝生きるために｜un influencer＝インフルエンサーは｜deve continuare＝続けなければならない｜a ricevere attenzione＝注意を受け取ることを,per＋不定詞は目的を表します。continuare a＋不定詞で「〜し続ける」。deveが必要・義務を加えます。,英語receive、フランス語recevoir、スペイン語recibirと同系。accettare「受け入れる」とはConceptが異なる。,強勢はCE。ceは/tʃe/。語中vを保ち、ri-CE-ve-reの四つのまとまりで聞く。,E0001_it.md,memoriopolis::it::core20,memoriopolis_c0015_receive.webp
C0016,sentire,senˈtire,聞く／聞こえる／感じる,他動詞,音や言葉が耳に入ること。また感覚や感情を感じる意味も持つ。意識的に耳を傾けるascoltareとは区別する。,Sul treno sentii una parola che non avevo mai sentito.,電車の中で、私はそれまで一度も聞いたことのない言葉を耳にしました。,sent-,-ire（第三変化動詞の不定詞語尾）,sen｜TI｜re,sent-「感じる・聞く」+ -ire → sentire「聞く／感じる」,Sul treno＝電車の中で｜sentii＝私は耳にした｜una parola＝ある言葉を｜che non avevo mai sentito＝それまで一度も聞いたことがなかった,sentiiは遠過去で、物語上の一点の出来事を示します。avevo sentitoは大過去で、その時点より前の経験を表します。maiが否定と結び付き「一度も〜ない」となります。,フランス語sentir、スペイン語sentirと同系。イタリア語では聴覚にも感覚全般にも広がる。ascoltareは意識的に聞く。,強勢はTI。senのnとtを分け、語末reまで発音する。sentiiでは語末のiが長く連続する。,E0001_it.md,memoriopolis::it::core20,memoriopolis_c0016_hear.webp
C0017,cercare,tʃerˈkare,探す／調べる,他動詞・自動詞的用法,人、物、意味、答えなどを見つけようとする探索過程。結果として見つけるtrovareとは区別する。,"Cercai la parola, ma non trovai un significato adatto al contesto.",その言葉を調べましたが、文脈に合う意味は見つかりませんでした。,cerc-,-are（第一変化動詞の不定詞語尾）,cer｜CA｜re,cerc-「探す」+ -are → cercare「探す」,Cercai la parola＝私はその言葉を探した／調べた｜ma＝しかし｜non trovai＝見つけなかった｜un significato adatto al contesto＝文脈に合う意味を,cercaiとtrovaiは遠過去で、連続する完結した行為を表します。cercareは探索、trovareはその結果としての発見です。,フランス語chercherと同系。英語searchにも遠い語源的つながりがある。consultareは資料を参照する行為に焦点を置く。,ceは/tʃe/、caは/ka/。強勢はCA。同じcでも後続母音によって音が変わる。,E0001_it.md,memoriopolis::it::core20,memoriopolis_c0017_search.webp
C0018,spostarsi,spoˈstarsi,移る／移動する,再帰動詞,人や物が現在の場所から別の場所へ移ること。本文では座席、土地、国家間など空間的な移動を中心に扱う。,Stavo per spostarmi quando sentii quella parola.,その言葉を耳にしたとき、私は席を移ろうとしていました。,spost-,-are + si（再帰代名詞）,spo｜STAR｜si,spost-「移す」+ -are + si → spostarsi「自ら移る」,Stavo per spostarmi＝私は移ろうとしていた｜quando＝そのとき｜sentii＝私は耳にした｜quella parola＝その言葉を,stare per＋不定詞は「まさに〜しようとしている」。spostarsiは再帰形で、主語自身が場所を移ることを表します。,スペイン語desplazarse、ポルトガル語deslocar-seに近いConcept。cambiareは対象や状態の変更に焦点を置く。,強勢はSTAR。spの子音連続を保ち、-siを弱くしすぎない。,E0001_it.md,memoriopolis::it::core20,memoriopolis_c0018_move.webp
C0019,collegarsi,kolleˈɡarsi,結びつく／接続する,再帰動詞,人、場所、制度、ネットワークなどが新しい接続関係へ入ること。すでに拘束されている状態ではなく、接続が成立する動きに焦点を置く。,"Allontanandosi dalla terra, ci si collega a un altro suolo.",土地から離れると、別の地面へ接続します。,colleg-,-are + si（再帰代名詞）,col｜le｜GAR｜si,colleg-「結ぶ」+ -are + si → collegarsi「接続する／結びつく」,Allontanandosi dalla terra＝土地から離れることで｜ci si collega＝人は接続する｜a un altro suolo＝別の地面へ,allontanandosiは再帰動詞allontanarsiのジェルンディオで、同時・条件的な状況を示します。ci si＋三人称単数は再帰動詞の非人称表現です。,英語connectに近いが、イタリア語collegareはリンクや接続を作る語。legare「結ぶ」と同じ語族。,二重lを保つ。g＋aは/ɡa/。強勢はGARで、col-le-GAR-siと区切る。,E0001_it.md,memoriopolis::it::core20,memoriopolis_c0019_connect.webp
C0020,essere vincolato,ˈessere viŋkoˈlato,縛られる／制約されている,受動的表現,規則、条件、場所、関係などによって自由が制限されている状態。新しく接続するcollegarsiより、すでに拘束・依存の中にある状態を表す。,Non essere vincolati alla terra non significa non essere vincolati a nulla.,土地に縛られていないことは、何にも縛られていないことを意味しません。,vincol-,-ato（過去分詞男性単数）,ES｜se｜re vin｜co｜LA｜to,essere「〜である」+ vincolato「拘束された」→ essere vincolato「拘束されている」,Non essere vincolati alla terra＝土地に縛られていないことは｜non significa＝意味しない｜non essere vincolati a nulla＝何にも縛られていないことを,二つのnon essere vincolatiが対比されています。集合的・一般的な人々を受けてvincolatiは男性複数形です。a nullaは否定文で「何にも」。,英語constraint / boundに近いConcept。legatoは物理的・関係的な結びつきにも広く、vincolatoは規則や条件による拘束を明確にする。,essereはESに第一強勢、vincolatoはLAに強勢。nはkの前で[ŋ]に近づく。,E0001_it.md,memoriopolis::it::core20,memoriopolis_c0020_bound.webp
