ID,Portuguese,Pronunciation,Japanese,PartOfSpeech,UsageNote,ExamplePortuguese,ExampleJapanese,Root,Affixes,PerceptualSegmentation,MorphologicalBreakdown,ExampleBreakdown,ExampleExplanation,MeaningBridge,SoundBridge,Source,CourseTags,ConceptScene
C0011,existir,e.zisˈtʃiʁ,ある／存在する,自動詞,人・物・制度・可能性などが存在することを表す。単に何かが「ある」と提示する haver や ter impessoal より、存在そのものに焦点を当てる。,Ainda não sei se essa palavra realmente existe.,その言葉が本当に存在するのか、今もまだ分からない。,exist-,-ir（第3変化の不定詞語尾）,e｜xis｜TIR → 聞こえ方: エ・ズィス・チール,exist-＋-ir → existir「存在する」,Ainda não sei＝今もまだ分からない｜se＝〜かどうか｜essa palavra＝その言葉が｜realmente existe＝本当に存在する,se以下は間接疑問です。essa palavraが主語なので、existirは3人称単数のexisteになります。,英語exist、フランス語exister、スペイン語existir、イタリア語esistereと同じラテン語系。,ブラジル発音ではtiが/tʃi/になりやすい。語末rは地域差が大きいが、TTSでは摩擦音として聞こえることがある。,E0001_pt-BR.md,memoriopolis::pt-BR::core20,memoriopolis_c0011_exist.webp
C0012,fazer,faˈzeʁ,する／作る,他動詞・自動詞,行為をする、物を作る、ある状態を生じさせるなど、非常に広い範囲で使う基本動詞。文脈により「する」「作る」「〜にする」と訳し分ける。,"O que faz dos números, das regras e do público um novo chão?",何が、数字と規則と観客を新しい地面にするのだろう。,faz-,-er（第2変化の不定詞語尾）,fa｜ZER → 聞こえ方: ファ・ゼール,faz-＋-er → fazer。現在形3人称単数はfaz。,"O que＝何が｜faz de A B＝AをBにする｜dos números, das regras e do público＝数字・規則・観客を｜um novo chão＝新しい地面に",fazer de A Bで「AをBにする」を表します。de＋定冠詞がdos / dasになります。,スペイン語hacer、フランス語faire、イタリア語fareと同じラテン語facereの系列。,語中sは母音間で/z/。第2音節に強勢があり、語末rはブラジル内でも地域差が大きい。,E0001_pt-BR.md,memoriopolis::pt-BR::core20,memoriopolis_c0012_do.webp
C0013,ter,teʁ,持つ,他動詞・助動詞,所有・関係・状態を持つことを表す。ブラジル語では「〜がある」の非人称表現としてterが口語で広く使われるが、ここでは人や主体が何かを持つConceptを中心にする。,"Pelo que entendi, nenhuma das duas pessoas tinha um relacionamento naquele momento.",私が理解した限り、その時点では二人のどちらにも交際相手はいなかった。,t- / ten-,-er（不定詞語尾）。語幹は活用で不規則に変化する。,TER → 聞こえ方: テール,ter「持つ」→ tinha「持っていた」,Pelo que entendi＝私が理解した限り｜nenhuma das duas pessoas＝二人のどちらも〜ない｜tinha＝持っていた｜um relacionamento＝交際関係を｜naquele momento＝その時点で,tinhaはterの線過去3人称単数です。nenhumaが主語なので単数形になります。,スペイン語tener、イタリア語tenereと同系。英語haveのConceptに広く対応する。,一音節語で母音を明瞭に保つ。語末rの実現は地域によって異なる。,E0001_pt-BR.md,memoriopolis::pt-BR::core20,memoriopolis_c0013_have.webp
C0014,enviar,ẽ.viˈaʁ,送る,他動詞,物、情報、信号、メッセージなどを相手や目的地へ送る。mandarより中立・書面語的で、デジタル通信にも使いやすい。,As plataformas enviam recomendações aos usuários o tempo todo.,プラットフォームは利用者へ絶えず推薦を送る。,vi-,en-＋-ar（第1変化の不定詞語尾）,en｜vi｜AR → 聞こえ方: エン・ヴィ・アール,en-＋vi-＋-ar → enviar「送る」,As plataformas＝プラットフォームは｜enviam＝送る｜recomendações＝推薦を｜aos usuários＝利用者へ｜o tempo todo＝絶えず,主語が複数のAs plataformasなのでenviamになります。a＋osはaosに縮約されます。,スペイン語enviar、フランス語envoyer、英語envoyと同じラテン語系の接続がある。,語頭en-は鼻母音化しやすい。強勢は最後の-arに置かれる。,E0001_pt-BR.md,memoriopolis::pt-BR::core20,memoriopolis_c0014_send.webp
C0015,receber,ʁe.seˈbeʁ,受け取る,他動詞,物、情報、注意、支払い、訪問者などを受け取る。ganharは「得る・もらう」の結果や利益を帯びやすく、receberは受領の方向を中立的に表す。,Um influenciador precisa continuar recebendo a atenção de outras pessoas.,影響力のある人は、他者の注意を受け取り続ける必要がある。,receb-,-er（第2変化の不定詞語尾）,re｜ce｜BER → 聞こえ方: ヘ・セ・ベール,receb-＋-er → receber。動名詞はrecebendo。,Um influenciador＝影響力のある人は｜precisa continuar＝続ける必要がある｜recebendo＝受け取りながら｜a atenção de outras pessoas＝他者の注意を,continuar＋動名詞で、継続する動作を表します。recebendoはreceberの動名詞です。,スペイン語recibir、フランス語recevoir、イタリア語ricevereと同じラテン語系。,語頭rはブラジル発音で/h/系に聞こえやすい。ceは/se/、強勢は-ber。,E0001_pt-BR.md,memoriopolis::pt-BR::core20,memoriopolis_c0015_receive.webp
C0016,ouvir,oˈviʁ,聞く／耳に入る,他動詞,音や言葉を耳で知覚する。意識して注意深く聞くescutarとは区別する。E0001では、未知語が偶然耳に入った場面に対応する。,Foi então que ouvi uma palavra que nunca tinha ouvido antes.,そのとき、それまで一度も聞いたことのない言葉が耳に入った。,ouv-,-ir（第3変化の不定詞語尾）,ou｜VIR → 聞こえ方: オウ・ヴィール,ouv-＋-ir → ouvir。現在完了・過去完了ではouvidoを使う。,Foi então que＝ちょうどそのとき｜ouvi＝私は聞いた｜uma palavra＝ある言葉を｜que nunca tinha ouvido antes＝それまで一度も聞いたことのない,ouviは完了過去1人称単数です。que以下がuma palavraを説明し、tinha ouvidoは過去完了です。,スペイン語oír、イタリア語udireと同じラテン語audireの系列。escutarはlistenに近い。,ouは一つの音のまとまり。強勢は-vir。語末rは地域差がある。,E0001_pt-BR.md,memoriopolis::pt-BR::core20,memoriopolis_c0016_hear.webp
C0017,procurar,pʁo.kuˈɾaʁ,調べる／探す,他動詞・自動詞,人・物・意味・答えなどを探す過程を表す。結果として見つけるencontrar、体系的に調査するpesquisarとは区別する。,"Procurei, mas não encontrei nenhum significado que combinasse com o contexto.",調べたが、文脈に合う意味は一つも見つからなかった。,procur-,-ar（第1変化の不定詞語尾）,pro｜cu｜RAR → 聞こえ方: プロ・ク・ラール,procur-＋-ar → procurar。完了過去1人称単数はprocurei。,Procurei＝私は探した｜mas＝しかし｜não encontrei＝見つけなかった｜nenhum significado＝どんな意味も｜que combinasse com o contexto＝文脈に合う,procurarは探索過程、encontrarは結果です。combinasseは接続法過去で、nenhum significadoを限定する想定上の条件を表します。,スペイン語procurarと形は近いが、現代スペイン語ではbuscarの方が日常的。英語procureとも語源的につながる。,語中rははじき音/ɾ/、語末rは地域差がある。強勢は最後の-rar。,E0001_pt-BR.md,memoriopolis::pt-BR::core20,memoriopolis_c0017_search.webp
C0018,mudar,muˈdaʁ,移る／変える,他動詞・自動詞,場所、状態、習慣、意見、接続先などを別のものへ変える。mudar-seは引っ越す意味にもなる。単なる物理移動mover-seより、状態や基準点の切替に焦点がある。,As pessoas apenas mudam o chão ao qual estão conectadas.,人は、ただ接続する地面を変える。,mud-,-ar（第1変化の不定詞語尾）,mu｜DAR → 聞こえ方: ム・ダール,mud-＋-ar → mudar「変える・移る」,As pessoas＝人々は｜apenas mudam＝ただ変える｜o chão＝地面を｜ao qual＝それに｜estão conectadas＝接続されている,ao qualは前置詞a＋関係代名詞o qualです。先行詞chãoへ「接続されている」という関係を作ります。,スペイン語mudar、英語mutate、フランス語mutationなどと同じラテン語mutareの系列。,強勢は-dar。dは母音aの前なので/d/で、diのような/dʒ/化は起こらない。,E0001_pt-BR.md,memoriopolis::pt-BR::core20,memoriopolis_c0018_move.webp
C0019,conectar-se,ko.nekˈtaʁ si,結びつく／接続する,再帰動詞,人・制度・市場・共同体・ネットワークなどが新しい関係や接続へ入る動きを表す。すでに拘束・依存状態にあるestar preso / estar vinculadoとは区別する。,"Ao se afastar do Estado, conecta-se ao mercado.",国家から離れると、市場へ接続する。,conect-,-ar（第1変化の不定詞語尾）＋se（再帰代名詞）,co｜nec｜TAR-se → 聞こえ方: コ・ネク・タール・スィ,conect-＋-ar＋se → conectar-se「接続する・結びつく」,Ao se afastar do Estado＝国家から離れると｜conecta-se＝接続する｜ao mercado＝市場へ,ao＋不定詞は「〜すると／〜する際に」を表します。文語ではconecta-seのように代名詞を後置できます。,英語connect、スペイン語conectar、フランス語connecterと同じラテン語系。,強勢は-tar。末尾の-seは弱く続き、ブラジル発音では/si/に近く聞こえることがある。,E0001_pt-BR.md,memoriopolis::pt-BR::core20,memoriopolis_c0019_connect.webp
C0020,estar preso,esˈtaʁ ˈpʁe.zu,縛られる／結び付けられている,状態表現・述語句,物理的、制度的、心理的に拘束・依存した状態を表す。presoは「逮捕・収監された」の意味も持つため、文脈によってestar vinculado、estar ligado、depender deと使い分ける。,Não estar preso à terra não significa não estar preso a nada.,地面に縛られていないことは、何にも縛られていないことを意味しない。,prend- / pres-,estar＋preso（prenderの不規則過去分詞・形容詞）,es｜TAR PRE｜so → 聞こえ方: エス・タール・プレ・ズ,prender「捕らえる・固定する」→ preso「拘束された」＋estar「状態にある」,Não estar preso à terra＝地面に縛られていないことは｜não significa＝意味しない｜não estar preso a nada＝何にも縛られていないことを,不定詞句Não estar...全体が主語です。preso aで「〜に拘束された」を表し、a＋a terraはà terraになります。,スペイン語preso、英語prison、フランス語prisonと同じラテン語prehendereの系列。linkedのような中立的接続にはvinculadoが近い。,estarは第2音節、presoは第1音節に強勢。語中sは母音間で/z/になる。,E0001_pt-BR.md,memoriopolis::pt-BR::core20,memoriopolis_c0020_bound.webp
