ID,German,Pronunciation,Japanese,PartOfSpeech,UsageNote,ExampleGerman,ExampleJapanese,Root,Affixes,PerceptualSegmentation,MorphologicalBreakdown,ExampleBreakdown,ExampleExplanation,MeaningBridge,SoundBridge,Source,CourseTags,ConceptScene
C0011,existieren,ɛɡzɪsˈtiːʁən,ある／存在する,自動詞,人・物・制度・可能性などが実在する、または存続することを表す。単に「ある・いる」と提示する es gibt より、存在そのものへ焦点を当てる。,"Noch immer weiß ich nicht, ob dieses Wort überhaupt existiert.",この言葉がそもそも存在するのか、今もまだ分からない。,existier-,-en（不定詞語尾）,exis｜tie｜ren → 聞こえ方: エク・スィス・ティー・レン,ラテン語 existere に由来する existieren「存在する」,Noch immer＝今もなお｜weiß ich nicht＝私は分からない｜ob＝〜かどうか｜dieses Wort＝この言葉が｜überhaupt existiert＝そもそも存在する,obで始まる間接疑問節では、定形動詞existiertが節末に置かれます。existierenは存在そのものを述べ、es gibtは「〜がある」と新しい情報を提示するときによく使います。,英語exist、フランス語exister、イタリア語esister、スペイン語existirと同じラテン語系。,語頭ex-は/ɛɡz/。主強勢は長母音/tiː/の音節にあり、語末-enは弱く発音される。,E0001_de.md,memoriopolis::de::core20,memoriopolis_c0011_exist.webp
C0012,machen,ˈmaxn̩,する／作る,他動詞・自動詞,行為をする、物を作る、ある状態を生じさせるなど、非常に広い範囲で使う基本動詞。文脈によって「する」「作る」「〜にする」と訳し分ける。,"Was macht Zahlen, Regeln und Publikum zu einem neuen Boden?",何が、数字と規則と観客を新しい地面にするのだろう。,mach-,-en（不定詞語尾）,ma｜chen → 聞こえ方: マ・ヘン,mach-「する・作る」＋-en → machen,"Was＝何が｜macht＝〜にする｜Zahlen, Regeln und Publikum＝数字・規則・観客を｜zu einem neuen Boden＝新しい地面に",machen A zu Bは「AをBにする」です。zuの後ろは3格になり、ein neuer Bodenがeinem neuen Bodenになります。,英語makeと同じゲルマン語系の基本動詞。フランス語faireなどと機能上の範囲が重なる。,aは短い/a/。chは後舌母音aの後なのでach-Laut /x/。語末-enはしばしば音節主音的/n̩/になる。,E0001_de.md,memoriopolis::de::core20,memoriopolis_c0012_do.webp
C0013,haben,ˈhaːbn̩,持つ,他動詞・助動詞,所有、関係、状態として何かを持つことを表す。また、過去分詞と組み合わせて現在完了を作る助動詞にもなる。手で保持することに限定されない。,Offenbar hatte zu diesem Zeitpunkt niemand von beiden eine feste Beziehung.,どうやらその時点では、二人のどちらにも決まった交際相手はいなかった。,hab-,-en（不定詞語尾）,ha｜ben → 聞こえ方: ハー・ベン,hab-「持つ」＋-en → haben。例文のhatteは過去形。,Offenbar＝どうやら｜hatte＝持っていた｜zu diesem Zeitpunkt＝その時点で｜niemand von beiden＝二人のどちらも〜ない｜eine feste Beziehung＝決まった関係を,niemandが主語なので、動詞は3人称単数の過去形hatteです。ドイツ語ではeine Beziehung habenで「交際関係にある」を表せます。,英語haveと同じ西ゲルマン語系。所有だけでなく状態や経験を表す広い基本動詞。,aは長い/aː/。bは語中で保たれ、語末-enは弱まり/n̩/に近くなる。,E0001_de.md,memoriopolis::de::core20,memoriopolis_c0013_have.webp
C0014,senden,ˈzɛndn̩,送る,他動詞,情報、信号、物、人などを相手や目的地へ送る。技術的・制度的な通信にも使いやすい。日常的な物の発送ではschickenもよく使う。,Plattformen senden fortwährend Empfehlungen an ihre Nutzer.,プラットフォームは利用者へ絶えず推薦を送る。,send-,-en（不定詞語尾）,sen｜den → 聞こえ方: ゼン・デン,send-「送る」＋-en → senden,Plattformen＝プラットフォームは｜senden＝送る｜fortwährend＝絶えず｜Empfehlungen＝推薦を｜an ihre Nutzer＝利用者へ,an＋4格で送信の向かう相手を示します。sendenは情報や信号にも自然で、schickenは物や人を送る日常的な表現として広く使われます。,英語sendと同じゲルマン語系。フランス語envoyerなどの「送る」Conceptに対応する。,語頭sは母音の前で/z/。eは短い/ɛ/。語末-enは弱まり、全体は二音節としてまとまる。,E0001_de.md,memoriopolis::de::core20,memoriopolis_c0014_send.webp
C0015,empfangen,ɛmˈpfaŋən,受け取る,他動詞,送られた物、信号、注意、客などを受け取る・迎える。bekommenより改まった響きがあり、受信や受け入れの方向を強く示す。,Eine einflussreiche Person muss fortwährend die Aufmerksamkeit anderer empfangen.,影響力のある人は、絶えず他者の注意を受け取り続けなければならない。,fang-,emp-（受ける方向を表す非分離接頭辞）＋-en（不定詞語尾）,emp｜fan｜gen → 聞こえ方: エム・プファン・ゲン,emp-＋fangen「捕らえる」→ empfangen「受け取る・迎える」,Eine einflussreiche Person＝影響力のある人は｜muss＝〜しなければならない｜fortwährend＝絶えず｜die Aufmerksamkeit anderer＝他者の注意を｜empfangen＝受け取る,助動詞mussが第2位置に立ち、不定詞empfangenは文末に置かれます。andererは「他者の」を表す2格です。,fangen「捕らえる」と同じ語幹を持ち、外から来るものを受ける方向へ意味が展開する。英語receiveとは語形が異なる。,empf-では/m/から/pf/へ移る。主強勢は-fang-。ngは/ŋ/で、gを独立して強く発音しない。,E0001_de.md,memoriopolis::de::core20,memoriopolis_c0015_receive.webp
C0016,hören,ˈhøːʁən,聞く／聞こえる,他動詞・自動詞,音や言葉を耳で知覚する。意識を向けて人の話を聞くzuhörenとは区別する。E0001では未知語が偶然耳に入った場面に対応する。,"Ich hatte ein Wort gehört, dessen Bedeutung ich nicht verstand.",私は、意味の分からない言葉を耳にしていた。,hör-,-en（不定詞語尾）,hö｜ren → 聞こえ方: ヘー・レン,hör-「聞く」＋-en → hören。例文のgehörtは過去分詞。,Ich hatte gehört＝私は聞いていた｜ein Wort＝ある言葉を｜dessen Bedeutung＝その意味を｜ich nicht verstand＝私は理解しなかった,hatte gehörtは過去完了です。dessenは中性名詞Wortを受ける関係代名詞の2格で、「その言葉の意味」を表します。,英語hearと同じゲルマン語系。hören＝音を知覚する、zuhören＝意識して耳を傾ける。,öは円唇前舌長母音/øː/。主強勢は第1音節。語中rは/ʁ/として弱く続く。,E0001_de.md,memoriopolis::de::core20,memoriopolis_c0016_hear.webp
C0017,suchen,ˈzuːxn̩,調べる／探す,他動詞・自動詞,人・物・意味・答えなどを探す過程を表す。結果として見つけるfinden、辞書などで個別項目を引くnachschlagen、正しさを確認するüberprüfenとは区別する。,"Doch so sehr ich auch suchte, ich fand keine passende Bedeutung.",けれど、どれほど調べても、合う意味は見つからなかった。,such-,-en（不定詞語尾）,su｜chen → 聞こえ方: ズー・ヘン,such-「探す」＋-en → suchen。例文のsuchteは過去形。,Doch＝しかし｜so sehr ich auch suchte＝どれほど探しても｜ich fand＝私は見つけなかった｜keine passende Bedeutung＝合う意味を一つも,so ... auchは譲歩を表し、「どれほど〜しても」と読めます。keineがBedeutungを否定し、findenは探索の結果に焦点を当てます。,英語seekと遠いゲルマン語系のつながりを持つ。chercherのような探索過程に対応する。,語頭sは母音の前で/z/。uは長い/uː/。chは後舌母音uの後なのでach-Laut /x/。,E0001_de.md,memoriopolis::de::core20,memoriopolis_c0017_search.webp
C0018,wechseln,ˈvɛksl̩n,移る／変える,他動詞・自動詞,場所、対象、状態、接続先などを別のものへ替える。単なる身体移動sich bewegenより、「AからBへ切り替わる・切り替える」ことに焦点がある。,"Sie wechseln lediglich den Boden, mit dem sie verbunden sind.",人は、ただ接続する地面を変える。,wechsel-,-n（不定詞語尾）,wech｜seln → 聞こえ方: ヴェク・セルン,Wechsel「変化・交換」／wechseln「替える・移る」,Sie＝人々は｜wechseln＝替える｜lediglich＝ただ〜にすぎない｜den Boden＝地面を｜mit dem＝それと｜sie verbunden sind＝結び付いている,目的語den Bodenは4格です。mitは3格を取り、男性名詞Bodenを受ける関係代名詞はmit demになります。,英語wechselに直接対応する基本語はなく、changeやswitchに意味領域が分かれる。,wは/v/。eは短い/ɛ/。chsは/ks/。語末-elnは一まとまりになり、母音が弱まる。,E0001_de.md,memoriopolis::de::core20,memoriopolis_c0018_move.webp
C0019,sich verbinden,zɪç fɛɐ̯ˈbɪndn̩,結びつく／接続する,再帰動詞・他動詞,人・物・制度・ネットワークなどが関係や接続を作る。E0001では、国家から離れた後に市場・共同体・プラットフォームへ新たに接続する動きを表す。,"Wer sich vom Staat entfernt, verbindet sich mit dem Markt.",国家から離れる者は、市場と結びつく。,bind-,ver-（結合・変化を表す非分離接頭辞）＋-en（不定詞語尾）＋ sich（再帰代名詞）,sich｜ver｜bin｜den → 聞こえ方: ズィヒ・フェア・ビン・デン,binden「結ぶ」→ verbinden「結び付ける」→ sich verbinden「結びつく」,Wer＝〜する者は｜sich vom Staat entfernt＝国家から離れる｜verbindet sich＝結びつく｜mit dem Markt＝市場と,werで始まる従属的なまとまりではentferntが後ろへ置かれます。主文ではverbindetが先に出て、再帰代名詞sichが続きます。mitは3格です。,英語bindと同じ語幹圏。connectよりも「結び付ける」という具体的な比喩を保つ。,sichのchはich-Laut /ç/。ver-は弱く/fɛɐ̯/、主強勢は-bind-。語末-enは/n̩/に近い。,E0001_de.md,memoriopolis::de::core20,memoriopolis_c0019_connect.webp
C0020,gebunden sein,ɡəˈbʊndn̩ zaɪ̯n,縛られる／結び付けられている,状態受動的表現・述語句,すでに関係、依存、制約、物理的な結び付きの中にある状態を表す。新たな接続を作るsich verbindenとは区別する。,"Nicht an den Boden gebunden zu sein bedeutet nicht, an nichts gebunden zu sein.",地面に縛られていないことは、何にも縛られていないことを意味しない。,bind-,ge- ＋ bind ＋ -en（bindenの過去分詞）＋ sein,ge｜bun｜den sein → 聞こえ方: ゲ・ブン・デン ザイン,binden「結ぶ」→ gebunden「結ばれた」＋ sein「〜である」,Nicht an den Boden gebunden zu sein＝地面に縛られていないことは｜bedeutet nicht＝意味しない｜an nichts gebunden zu sein＝何にも縛られていないことを,zu不定詞句全体が主語になっています。anは結び付く対象を示し、この表現では4格のden Bodenとnichtsを取ります。gebunden seinは結果として続いている状態です。,英語boundやbindと同じ語幹圏。フランス語être liéのように、過去分詞＋be動詞で状態を表す。,ge-は弱い/ɡə/。主強勢は-bund-。seinは二重母音/aɪ̯/。二語を一つの述語の塊として聞く。,E0001_de.md,memoriopolis::de::core20,memoriopolis_c0020_bound.webp
