C0021,marry,/ˈmeri/,結婚する,動詞,自動詞では marry、他動詞では marry someone。be married は「結婚している状態」、get married は「結婚する出来事」に焦点を置く。,"People may marry for companionship, but marriage has also supported the work of raising the next generation.","/ˈpiːpəl meɪ ˈmeri fər kəmˈpænjənʃɪp, bət ˈmerɪdʒ hæz ˈɔːlsoʊ səˈpɔːrtɪd ðə wɝːk əv ˈreɪzɪŋ ðə nekst ˌdʒenəˈreɪʃən/",人は同伴を求めて結婚することがあるが、結婚は次世代を育てる仕事も支えてきた。,E0002_en.md,memoriopolis::en::core30,People may marry＝人は結婚することがある｜for companionship＝同伴を求めて｜but marriage has also supported＝しかし結婚は〜も支えてきた｜the work of raising the next generation＝次世代を育てる仕事を,may は可能性を表す。marry は行為、marriage は制度・関係を表す名詞。has supported は過去から現在までの歴史的役割を示す。,marry の第一音節に強勢。marry と Mary は多くのアメリカ英語話者で同音になる。,人が婚姻関係へ入ること。Essayでは死の間際の同伴だけでなく、養育と世代継承を支える制度として再検討する。,marry＝結婚する行為｜be married＝結婚している状態｜get married＝結婚という出来事｜marriage＝結婚という関係・制度,memoriopolis_c0021_marry.webp
C0022,raise,/reɪz/,育てる,動詞,他動詞。raise a child のように、目的語を取って「子どもを育てる」。自動詞の rise「上がる」と混同しない。,It takes about twenty years to raise one human being.,/ɪt teɪks əˈbaʊt ˈtwenti jɪrz tə reɪz wʌn ˈhjuːmən ˈbiːɪŋ/,ニンゲン一個を育てるには、約二十年かかる。,E0002_en.md,memoriopolis::en::core30,It takes about twenty years＝約二十年かかる｜to raise＝育てるために｜one human being＝一人の人間を,It takes + 時間 + to do は「〜するのに時間がかかる」。raise は養育者が子どもの成長を支える他動詞。,raise は一音節で二重母音 /eɪ/。語末 /z/ を落とさない。to raise は弱形で /tə reɪz/ になりやすい。,子どもや次世代を長期的に養育し、社会化を支えること。単に出生させることではない。,raise a child＝子どもを育てる｜bring up a child＝養育過程を強調する句動詞｜rear＝より形式的・専門的｜rise＝自ら上がる,memoriopolis_c0022_raise.webp
C0023,work,/wɝːk/,働く,動詞・名詞,動詞では work、名詞では不可算名詞としての work が基本。work for a company、work on a task、work as a manager など前置詞で関係が変わる。,Someone has to work to sustain daily life.,/ˈsʌmwʌn hæz tə wɝːk tə səˈsteɪn ˈdeɪli laɪf/,日々の生活を維持するには、誰かが働かなければならない。,E0002_en.md,memoriopolis::en::core30,Someone＝誰かが｜has to work＝働かなければならない｜to sustain daily life＝日々の生活を維持するために,has to は必要性を示す。二つ目の to は目的を示す不定詞で、「生活を維持するために」となる。,work の母音はアメリカ英語で /ɝː/。has to は自然な発話で /hæstə/ に近づく。,生活を支えるための労働。Essayでは有給労働と、家庭内のケア労働が制度上どう配分されるかを問う。,work＝労働一般｜job＝職・雇用上の一つの仕事｜labor＝労働力・労働過程を強調｜care work＝養育・介護などのケア労働,memoriopolis_c0023_work.webp
C0024,hand over,/ˌhænd ˈoʊvər/,引き継ぐ／引き渡す,句動詞,hand over A to B、または hand A over to B。代名詞では hand it over のように動詞と副詞の間へ置く。,A realistic system would allow people to hand their work over to trusted colleagues for a time.,/ə ˌriːəˈlɪstɪk ˈsɪstəm wʊd əˈlaʊ ˈpiːpəl tə hænd ðer wɝːk ˈoʊvər tə ˈtrʌstɪd ˈkɑːliːɡz fər ə taɪm/,現実的な制度なら、人々が仕事を一時的に信頼できる仲間へ引き継げるようにする。,E0002_en.md,memoriopolis::en::core30,A realistic system＝現実的な制度は｜would allow people to＝人々が〜できるようにするだろう｜hand their work over＝仕事を引き継ぐ｜to trusted colleagues＝信頼できる仲間へ｜for a time＝しばらくの間,allow + 人 + to do は「人が〜することを可能にする」。hand over は責任・仕事・物の管理を別の人へ移す。,句動詞の意味の中心は over にあり、自然な発話では HAND their work OVer のように二つの山ができる。,仕事や責任を、安全に別の人へ移すこと。Essayでは育児期の一時離脱を個人の脱落ではなく、制度化された引き継ぎとして捉える。,hand over＝仕事・責任・物を渡す｜take over＝受け取る側が引き継ぐ｜delegate＝権限を保ちながら任せる｜pass on＝情報や物を次へ回す,memoriopolis_c0024_hand_over.webp
C0025,return,/rɪˈtɝːn/,戻る,動詞・名詞,自動詞 return to + 場所・状態。return home では前置詞を使わない。他動詞では return something「何かを返す」。,People should be able to return when the burden of care has eased.,/ˈpiːpəl ʃʊd bi ˈeɪbəl tə rɪˈtɝːn wen ðə ˈbɝːdən əv ker hæz iːzd/,ケアの負担が軽くなったとき、人々は戻れるべきである。,E0002_en.md,memoriopolis::en::core30,People should be able to return＝人々は戻れるべきである｜when＝〜するとき｜the burden of care has eased＝ケアの負担が軽くなった,should be able to は、能力だけでなく制度上の可能性を求める。has eased は負担が軽くなり、その結果が現在に続くことを示す。,第二音節 turn に強勢。to return は /tə rɪˈtɝːn/ と弱くつながる。,育児やケアによる離職・休職の後、職場や職業経路へ戻ること。単なる元の場所への物理移動ではない。,return＝元の場所・状態へ戻る｜go back＝会話的で移動を強調｜come back＝話者側へ戻る｜resume＝中断した活動を再開する,memoriopolis_c0025_return.webp
C0026,protect,/prəˈtekt/,守る／保護する,動詞,protect A、protect A from/against B。人・権利・地位・制度などを損失や危険から守る。,The system must protect a person’s position and path back into the workplace.,/ðə ˈsɪstəm mʌst prəˈtekt ə ˈpɝːsənz pəˈzɪʃən ænd pæθ bæk ˈɪntu ðə ˈwɝːkpleɪs/,制度は、その人の地位と職場へ戻る道筋を守らなければならない。,E0002_en.md,memoriopolis::en::core30,The system＝制度は｜must protect＝守らなければならない｜a person’s position and path＝その人の地位と道筋を｜back into the workplace＝職場へ戻る,must は強い必要性を示す。position と path の二つが protect の目的語で、back into the workplace が path を説明する。,第二音節 tect に強勢。語頭 pro- は弱く /prə/。protect a は子音と弱母音が滑らかにつながる。,ケア期間中・復帰時に、身分、待遇、職業経路を制度的に保障すること。,protect＝危険・損失から守る｜preserve＝状態や価値を保つ｜secure＝確保する｜defend＝攻撃や批判に対抗して守る,memoriopolis_c0026_protect.webp
C0027,balance,/ˈbæləns/,両立させる／釣り合わせる,動詞・名詞,balance A and B、balance A with B。名詞の work-life balance では配分状態を表す。必ずしも五対五を意味しない。,It is difficult to balance work and childcare evenly at all times.,/ɪt ɪz ˈdɪfɪkəlt tə ˈbæləns wɝːk ænd ˈtʃaɪldker ˈiːvənli æt ɔːl taɪmz/,仕事と子育てを、常に均等に両立させることは難しい。,E0002_en.md,memoriopolis::en::core30,It is difficult＝難しい｜to balance＝両立させることは｜work and childcare＝仕事と子育てを｜evenly at all times＝常に均等に,形式主語 It を使い、真の主語は to balance 以下。evenly が「均等に」、at all times が「常に」を加える。,第一音節 bal に強勢。語末 -ance は弱く /əns/。work and は /wɝːk ən/ のようにつながりやすい。,複数の責任へ時間と力を配分すること。Essayでは、両立を常時五対五に固定する考えを批判する。,balance＝配分して均衡を取る｜reconcile＝対立・矛盾するものを調整する｜juggle＝複数課題をやりくりする｜combine＝単に組み合わせる,memoriopolis_c0027_balance.webp
C0028,compete,/kəmˈpiːt/,競争する,動詞,compete with/against 人、compete for 目標、compete in 分野。competition は名詞、competitive は形容詞。,"More people can compete on the same playing field, but the rules may still be old.","/mɔːr ˈpiːpəl kən kəmˈpiːt ɑːn ðə seɪm ˈpleɪɪŋ fiːld, bət ðə ruːlz meɪ stɪl bi oʊld/",より多くの人が同じ競争の場に立てても、規則はまだ古いままかもしれない。,E0002_en.md,memoriopolis::en::core30,More people＝より多くの人が｜can compete＝競争できる｜on the same playing field＝同じ競争条件のもとで｜but the rules may still be old＝しかし規則はまだ古いかもしれない,playing field は比喩的に「競争条件・競争の場」。may は断定を避けた可能性を示す。,第二音節 pete に強勢。語頭 com- は弱く /kəm/。can は非強勢で /kən/ になりやすい。,同じ制度・市場・職場の中で成果や地位を争うこと。参加者の平等と、競争規則の公平さは別問題である。,compete＝競争へ参加する｜contest＝争う・異議を唱える｜struggle＝困難の中でもがく｜cooperate＝協力する,memoriopolis_c0028_compete.webp
C0029,perform,/pərˈfɔːrm/,演じる／遂行する,動詞,perform a role、perform on stage、perform a task。舞台上の演技だけでなく、役割・仕事・機能を実行する意味もある。,"In some spaces, people perform gendered roles that differ from those of ordinary life.","/ɪn sʌm ˈspeɪsɪz, ˈpiːpəl pərˈfɔːrm ˈdʒendərd roʊlz ðæt ˈdɪfər frəm ðoʊz əv ˈɔːrdəneri laɪf/",ある空間では、人々は日常生活とは異なるジェンダー化された役割を演じる。,E0002_en.md,memoriopolis::en::core30,In some spaces＝ある空間では｜people perform＝人々は演じる｜gendered roles＝ジェンダー化された役割を｜that differ from＝〜とは異なる｜those of ordinary life＝日常生活の役割,that 以下が gendered roles を説明する。those は roles の反復を避ける代名詞。differ from は「〜と異なる」。,第二音節 form に強勢。perform gendered roles では /m/ から /dʒ/ へ切り替える。,社会的役割や話し方を、場に応じて実行・演出すること。意図的な芝居だけでなく、制度が求める役割遂行も含む。,perform＝役割・行為を遂行／演じる｜act＝演技する、または行動する｜play a role＝役割を演じる｜pretend＝事実でないふりをする,memoriopolis_c0029_perform.webp
C0030,evaluate,/ɪˈvæljueɪt/,評価する,動詞,evaluate A、evaluate whether/what/how...。基準に照らして価値・状態・効果を検討する。日常的な印象の judge より分析的。,"I know nothing about their lives, so it would be presumptuous of me to evaluate them.","/aɪ noʊ ˈnʌθɪŋ əˈbaʊt ðer laɪvz, soʊ ɪt wʊd bi prɪˈzʌmptʃuəs əv mi tə ɪˈvæljueɪt ðem/",私は二人の人生を知らないので、二人を評価するのは思い上がったことだろう。,E0002_en.md,memoriopolis::en::core30,I know nothing about their lives＝私は二人の人生を何も知らない｜so＝だから｜it would be presumptuous of me＝私には思い上がったことだろう｜to evaluate them＝二人を評価するのは,It would be + 形容詞 + of 人 + to do は「人が〜するのは…だ」。would が断定を和らげつつ、倫理的な距離を示す。,第二音節 val に主強勢。evaluate は /ɪ-VÆL-yu-eɪt/ の流れで、語尾 -ate は /eɪt/。,限られた情報から人物全体を決めつけず、観察対象ではなく、自分の推論と制度構造を検討する態度を示す。,evaluate＝基準に照らして検討する｜assess＝状態・程度を見積もる｜judge＝判断する、人物批評の含みが強いことがある｜criticize＝欠点を批判する,memoriopolis_c0030_evaluate.webp
